fund_center,description,division,business_area
AT,Office of the City Attorney,,AT
ATAT,Office of City Attorney,ATAT,AT
ATAT000001,Office of City Attorney,ATAT,AT
AU,Office of the City Auditor,,AU
AUCA,Office of the City Auditor,AUCA,AU
AUCA000001,Audit Services,AUCA,AU
AUCA000002,Independent Police Review,AUCA,AU
AUCA000003,Progress Board,AUCA,AU
AUCA000004,Ombudsman Office,AUCA,AU
AUCA000005,Hearings Office,AUCA,AU
AUCA000006,City Auditor,AUCA,AU
AUDA,Office of the Chief Deputy Auditor,AUDA,AU
AUDA000001,Management Services,AUDA,AU
AUDA000002,Council/Contracts,AUDA,AU
AUDA000003,Archives & Records,AUDA,AU
AUDA000004,Assessments/Finance/Foreclosure,AUDA,AU
AUDA000005,Campaign Finance Program,AUDA,AU
AUDA000006,LID Construction Program,AUDA,AU
AUDA000007,Assessment Collection Fund,AUDA,AU
AUDA000008,Assessment Program,AUDA,AU
AUDA000009,Debt Activity,AUDA,AU
BO,City Budget Office,,BO
BOBO,City Budget Office,BOBO,BO
BOBO000001,City Budget Office,BOBO,BO
CB,Office for Community Technology,,CB
CBCF,Cable Franchise Regulation,CBCF,CB
CBCF000001,Cable Regulatory Service,CBCF,CB
CBCF000002,Portland Community Media,CBCF,CB
CBMH,Mt Hood Cable Regulatory Commission,CBMH,CB
CBMH000001,Mt. Hood Cable Regulatory Commission,CBMH,CB
CBMH000002,East County Franchises,CBMH,CB
CBMH000003,Metro East Community Media,CBMH,CB
CBMH000004,Portland Community Media-West Mult.,CBMH,CB
CBMH000005,PEG Capital Administration,CBMH,CB
CBMH000006,PEG I-Net Administration,CBMH,CB
CBMH000007,PEG Community Access Capital,CBMH,CB
CBMH000008,PEG Access Corporation Capital,CBMH,CB
CBUF,Utility/Telecom Franchise Management,CBUF,CB
CBUF000001,Utility Franchise Management,CBUF,CB
CITY,City,,
DR,Bureau of Fire & Police Disability & Retirement,,DR
DRDR,Disability Retirement,DRDR,DR
DRDR000001,Retirement System Payments,DRDR,DR
DRDR000002,Oregon PERS Contributions,DRDR,DR
DRDR000003,Disability & Death Benefits,DRDR,DR
DRDR000004,Administration,DRDR,DR
DRDR000005,Debt Activity,DRDR,DR
DS,Bureau of Development Services,,DS
DSAS,Administrative Services,DSAS,DS
DSAS000001,Administration,DSAS,DS
DSAS000002,Information Services,DSAS,DS
DSAS000003,Technology Advancement,DSAS,DS
DSAS000004,Equity & Policy Development,DSAS,DS
DSCS,Customer Service,DSCS,DS
DSCS000001,Customer Service and Public Information,DSCS,DS
DSCS000002,Code & Policy Development,DSCS,DS
DSIS,Inspection Services,DSIS,DS
DSIS000001,Facilities Permits - Administration,DSIS,DS
DSIS000002,Facilities Permits - Electrical,DSIS,DS
DSIS000003,Facilities Permits - Building,DSIS,DS
DSIS000004,Facilities Permits - Plumbing,DSIS,DS
DSIS000005,Electrical,DSIS,DS
DSIS000006,Signs,DSIS,DS
DSIS000007,Building - Mechanical,DSIS,DS
DSIS000008,Special Inspections,DSIS,DS
DSIS000009,Plumbing,DSIS,DS
DSIS000010,Residential Combination,DSIS,DS
DSIS000011,Field Issuance Remodel Program,DSIS,DS
DSLU,Land Use Services,DSLU,DS
DSLU000001,Land Use Services,DSLU,DS
DSPR,Plan Review and Permitting Services,DSPR,DS
DSPR000001,Plan Review - Engineering,DSPR,DS
DSPR000002,Plan Review - Fire Life Safety,DSPR,DS
DSPR000003,Permit / Plan Processing,DSPR,DS
DSPR000004,Trade Permits,DSPR,DS
DSPR000005,Process Management,DSPR,DS
DSSS,Site Services,DSSS,DS
DSSS000001,Code Compliance,DSSS,DS
DSSS000002,Zoning,DSSS,DS
DSSS000003,Dangerous Buildings,DSSS,DS
DSSS000004,Noise Control,DSSS,DS
DSSS000005,Site Development,DSSS,DS
DSSS000006,Environmental Soils,DSSS,DS
DSSS000007,Neighborhood Inspections,DSSS,DS
EC,Bureau of Emergency Communications,,EC
ECAD,Emergency Comm Administration,ECAD,EC
ECAD000001,Administration,ECAD,EC
ECAD000002,Special Projects,ECAD,EC
ECOP,Emergency Comm Operations,ECOP,EC
ECOP000001,Operations,ECOP,EC
EM,Portland Bureau of Emergency Management,,EM
EMEM,Emergency Management,EMEM,EM
EMEM000001,Administration,EMEM,EM
EMEM000002,Finance and Grants,EMEM,EM
EMEM000003,Emergency Operations,EMEM,EM
EMEM000004,Emergency Operations Center,EMEM,EM
EMEM000005,Exercises and Training,EMEM,EM
EMEM000006,Community Emergency Services,EMEM,EM
EMEM000007,Planning and Mitigation,EMEM,EM
EMEM000008,NET - Neighborhood Emergency Teams,EMEM,EM
EMEM000009,BEECN-Basic Earthquake Emergency,EMEM,EM
EMEM000010,PIO - Public Information Office,EMEM,EM
ES,Bureau of Environmental Services,,ES
ESBS,Business Services Group,ESBS,ES
ESBS000001,Business Services Financial Management,ESBS,ES
ESBS000002,Contract Mgmt & Business Opportunities,ESBS,ES
ESBS000003,Accounting Services,ESBS,ES
ESBS000004,Administrative Services,ESBS,ES
ESBS000005,Mapping Data & Application Services,ESBS,ES
ESBS000006,Risk Services,ESBS,ES
ESBS000007,Revenue Programs Administration,ESBS,ES
ESBS000008,BES Funds Management,ESBS,ES
ESBS000009,Debt Activity,ESBS,ES
ESDR,Director,ESDR,ES
ESDR000001,Bureau Director,ESDR,ES
ESDR000002,Administrative Support,ESDR,ES
ESDR000003,Communications,ESDR,ES
ESDR000004,Portland Harbor Admin,ESDR,ES
ESDR000005,Intergovernental Relations,ESDR,ES
ESDR000006,Office of Healthy Working Rivers,ESDR,ES
ESDR000007,Environmental Policy,ESDR,ES
ESEN,Engineering Services Group,ESEN,ES
ESEN000001,Engineering Services Chief Engineer,ESEN,ES
ESEN000002,Systems Development Administration,ESEN,ES
ESEN000003,Development Review,ESEN,ES
ESEN000004,Development Engineering,ESEN,ES
ESEN000005,Stormwater Early Assistance,ESEN,ES
ESEN000006,Design Administration,ESEN,ES
ESEN000007,Collection System Engineering,ESEN,ES
ESEN000008,Surface Water Engineering,ESEN,ES
ESEN000009,Wastewater Engineering,ESEN,ES
ESEN000010,Materials Testing Lab Administration,ESEN,ES
ESEN000011,Construction Administration,ESEN,ES
ESEN000012,Construction Management,ESEN,ES
ESEN000013,Construction Inspection,ESEN,ES
ESEN000014,Program Mgmt & Controls Administration,ESEN,ES
ESEN000015,Admin/Stormwater Retrofit Administration,ESEN,ES
ESEN000016,Support Services,ESEN,ES
ESEN000017,Downspout Disconnection Program,ESEN,ES
ESEN000018,Clean River Rewards Technical Assistance,ESEN,ES
ESEN000019,Asset Systems Mgmt Planning,ESEN,ES
ESEN000020,CIP Projects,ESEN,ES
ESEN000021,ASM - Modeling,ESEN,ES
ESEN000022,ASM - Spatial Tools & Analysis,ESEN,ES
ESEN000023,Watershed Revegetation Program,ESEN,ES
ESEN000024,Willamette River Tunnel Program,ESEN,ES
ESEN000025,Asset System Management Program Manageme,ESEN,ES
ESEN000026,Brooklyn Creek Design Team,ESEN,ES
ESEN000027,Stormwater Systems Program,ESEN,ES
ESPP,Pollution Prevention Group,ESPP,ES
ESPP000001,Poll. Prevention Administration,ESPP,ES
ESPP000002,Source Control Management,ESPP,ES
ESPP000003,Industrial Stormwater,ESPP,ES
ESPP000004,Industrial Permitting,ESPP,ES
ESPP000005,Industrial Projects,ESPP,ES
ESPP000006,Environmental Investigations Admin,ESPP,ES
ESPP000007,Investigations & Monitoring,ESPP,ES
ESPP000008,Data Acquisition & Management,ESPP,ES
ESPP000009,WPCL Facility,ESPP,ES
ESPP000010,Field Operations,ESPP,ES
ESPP000011,Laboratory,ESPP,ES
ESPP000012,Special Wastes Admin,ESPP,ES
ESPP000013,Coordinated Site Analysis-Direct,ESPP,ES
ESPP000014,CSA - Other BES Groups,ESPP,ES
ESPP000015,Environmental Compliance Admin,ESPP,ES
ESPP000016,Spill Control/Citizen Response,ESPP,ES
ESPP000017,Brownfields Program,ESPP,ES
ESPP000018,Underground Injection Control,ESPP,ES
ESPP000019,Municipal Separate Storm Sewer System,ESPP,ES
ESWS,Watershed Group,ESWS,ES
ESWS000001,Watershed Group Administration,ESWS,ES
ESWS000002,Stormwater System Division,ESWS,ES
ESWS000003,Environmental Policy Administration,ESWS,ES
ESWS000004,Underground Injection Control,ESWS,ES
ESWS000005,Regulatory Policy,ESWS,ES
ESWS000006,Willamette Watershed,ESWS,ES
ESWS000007,Watershed Division,ESWS,ES
ESWS000008,Columbia Slough,ESWS,ES
ESWS000009,Fanno/Tryon Creeks,ESWS,ES
ESWS000010,Johnson Creek,ESWS,ES
ESWS000011,Science Fish and Wildlife,ESWS,ES
ESWS000012,Implementation & Technical Assistance,ESWS,ES
ESWS000013,Stormwater Management Manual,ESWS,ES
ESWS000014,Stormwater System Plan,ESWS,ES
ESWS000015,Stormwater Stewards,ESWS,ES
ESWS000016,Biological Sciences,ESWS,ES
ESWW,Wastewater Group,ESWW,ES
ESWW000001,Wastewater Group Administration,ESWW,ES
ESWW000002,Maintenance,ESWW,ES
ESWW000003,Maintenance Engineering,ESWW,ES
ESWW000004,Stormwater Operations & Maintenance,ESWW,ES
ESWW000005,Pump Station - Mechanical,ESWW,ES
ESWW000006,Operations,ESWW,ES
ESWW000007,Biosolids Reuse,ESWW,ES
ESWW000008,Columbia Blvd WWTP - Administration,ESWW,ES
ESWW000009,Columbia Blvd WWTP - Operations,ESWW,ES
ESWW000010,Deleted,ESWW,ES
ESWW000011,Columbia Blvd WWTP - Mechanical,ESWW,ES
ESWW000012,Columbia Blvd WWTP - Electrical & Instr,ESWW,ES
ESWW000013,Pump Station - Electrical & Instr,ESWW,ES
ESWW000014,Tryon Creek WWTP - Electrical & Instr,ESWW,ES
ESWW000015,Tryon Creek WWTP - Administration,ESWW,ES
ESWW000016,Tryon Creek WWTP - Operations,ESWW,ES
ESWW000017,Tryon Creek WWTP - Mechanical,ESWW,ES
ESWW000018,Support Services,ESWW,ES
ESWW000019,Administrative Services,ESWW,ES
ESWW000020,Work & Asset Mgmt System Administration,ESWW,ES
ESWW000021,Inventory & Purchasing,ESWW,ES
ESWW000022,Facilities Management,ESWW,ES
ESWW000023,Coll Sys - Bureau of Maint Interagency,ESWW,ES
ESWW000024,BES Inventory,ESWW,ES
ESWW000025,BES Wastewater Collection System,ESWW,ES
ESWW000026,Revegetation,ESWW,ES
ESWW000027,Maintenance Condition Assessment,ESWW,ES
FM,Fund & Debt Management,,FM
FR,Portland Fire & Rescue,,FR
FRCO,Chief's Office,FRCO,FR
FRCO000001,Chief's Office,FRCO,FR
FRCO000002,Public Communication,FRCO,FR
FRCO000003,Human Resources,FRCO,FR
FRCO000004,EAP/Cape Program,FRCO,FR
FRCO000005,Light Duty - Injury Leave,FRCO,FR
FRCO000006,Light Duty - Pregnancy,FRCO,FR
FRCO000007,Light Duty - Long-Term Sick Leave,FRCO,FR
FREO,Emergency Operations,FREO,FR
FREO000001,Portland EOPS Administration,FREO,FR
FREO000002,Battalion Headquarters,FREO,FR
FREO000003,BOEC Liaison,FREO,FR
FREO000004,Emergency Mgmt,FREO,FR
FREO000005,Specialty Rescues,FREO,FR
FREO000006,Suppression Operations,FREO,FR
FREO000007,Hazardous Materials,FREO,FR
FREO000008,Trauma Intervention Program,FRTS,FR
FREO000009,Dive Team Program,FREO,FR
FREO000010,Marine Program,FREO,FR
FREO000011,Portland Emergency Medical Svcs,FRTS,FR
FREO000012,Suppression Call Shifts,FREO,FR
FREO000013,FPD&R Liaison,FREO,FR
FREO000014,Portland Sick Severance,FREO,FR
FREO000015,Portland Vac Severance,FREO,FR
FREO000016,Multnomah Co CPR Classes,FREO,FR
FREO000017,Sister Cities Association,FREO,FR
FREO000018,Health and Wellness,FRTS,FR
FREO000019,EOPS Long-Term Leave,FREO,FR
FRMS,Management Services,FRMS,FR
FRMS000001,Planning & Administrative Svcs,FRMS,FR
FRMS000002,MSD Administration,FRMS,FR
FRMS000003,MIS & Data Processing,FRMS,FR
FRMS000004,Finance,FRMS,FR
FRMS000005,Logistics Administration,FRMS,FR
FRMS000006,Station Operations,FRMS,FR
FRMS000007,Building Maintenance,FRMS,FR
FRMS000008,Apparatus Maintenance,FRMS,FR
FRMS000009,Support for Suppression,FRMS,FR
FRMS000010,Linnton Site Monitoring,FRMS,FR
FRMS000011,Station 1,FRMS,FR
FRMS000012,Station 2,FRMS,FR
FRMS000013,Station 3,FRMS,FR
FRMS000014,Station 4,FRMS,FR
FRMS000015,Station 5,FRMS,FR
FRMS000016,Station 6,FRMS,FR
FRMS000017,Station 7,FRMS,FR
FRMS000018,Station 8,FRMS,FR
FRMS000019,Station 9,FRMS,FR
FRMS000020,Station 10,FRMS,FR
FRMS000021,Station 11,FRMS,FR
FRMS000022,Station 12,FRMS,FR
FRMS000023,Station 13,FRMS,FR
FRMS000024,Station 14,FRMS,FR
FRMS000025,Station 15,FRMS,FR
FRMS000026,Station 16,FRMS,FR
FRMS000027,Station 17,FRMS,FR
FRMS000028,Station 18,FRMS,FR
FRMS000029,Station 19,FRMS,FR
FRMS000030,Station 20,FRMS,FR
FRMS000031,Station 21,FRMS,FR
FRMS000032,Station 22,FRMS,FR
FRMS000033,Station 23,FRMS,FR
FRMS000034,Station 24,FRMS,FR
FRMS000035,Station 25,FRMS,FR
FRMS000036,Station 26,FRMS,FR
FRMS000037,Station 27,FRMS,FR
FRMS000038,Station 28,FRMS,FR
FRMS000039,Station 29,FRMS,FR
FRMS000040,Station 30,FRMS,FR
FRMS000041,Station 31,FRMS,FR
FRMS000042,Toy & Joy - Former Station 40,FRMS,FR
FRMS000043,Business Services,FRMS,FR
FRMS000044,Public Information,FRMS,FR
FRPR,Prevention,FRPR,FR
FRPR000001,Prevention Administration,FRPR,FR
FRPR000002,Harbor Master,FRPR,FR
FRPR000003,Prevention Training,FRPR,FR
FRPR000004,Special Use Permits,FRPR,FR
FRPR000005,Investigations,FRPR,FR
FRPR000006,Suppression Systems,FRPR,FR
FRPR000007,Fire Alarms,FRPR,FR
FRPR000008,F&LS Plan Review,FRPR,FR
FRPR000009,Code Enforcement,FRPR,FR
FRPR000010,Code Enforcement A,FRPR,FR
FRPR000011,Code Enforcement B,FRPR,FR
FRPR000012,Code Enforcement C,FRPR,FR
FRPR000013,Public Education,FRPR,FR
FRPR000014,FPP Fire Code Enforcement,FRPR,FR
FRPR000015,FPP Fire Sprinkler Inspection,FRPR,FR
FRPR000016,Return to Work,FRPR,FR
FRPR000017,Prevention Long-Term Leave,FRPR,FR
FRPR000018,HazMat,FRPR,FR
FRTS,Training and Safety,FRTS,FR
FRTS000001,Training Academy,FRTS,FR
FRTS000002,Training Administration,FRTS,FR
FRTS000003,In-Service Training,FRTS,FR
FRTS000004,Recruiting,FRTS,FR
FRTS000005,Television Services,FRTS,FR
FRTS000006,Firefighter Trainee Program,FRTS,FR
FRTS000007,Training Long-Term Leave,FRTS,FR
GR,Office of Government Relations,,GR
GRLG,Legislative,GRLG,GR
GRLG000001,Government Relations,GRLG,GR
HC,Portland Housing Bureau,,HC
HCMG,Management and Planning,HCMG,HC
HCMG000001,Office of Director,HCMG,HC
HCMG000002,Business Operations Team,HCMG,HC
HCMG000003,Policy Planning & Communications,HCMG,HC
HCPG,Program Delivery,HCPG,HC
HCPG000001,Housing Access & Retention Team,HCPG,HC
HCPG000002,Program Delivery for Ptld Housing Bureau,HCPG,HC
HCPG000003,Economic Opportunity Programs,HCPG,HC
HCPG000004,Housing Investment & Portfolio Preservat,HCPG,HC
HCPG000005,Neighborhood Housing Programs,HCPG,HC
HCPG000006,Office of Rental Services Team,HCPG,HC
HCPG000007,Development Incentive Team,HCPG,HC
HN,Office of Human Relations,,HN
HNHN,Office of Human Relations,HNHN,HN
HNHN000001,Office of Human Relations,HNHN,HN
MF,Office of Management & Finance,,MF
MFCP,Citywide Projects,MFCP,MF
MFCP000001,Enterprise Business System,MFCP,MF
MFCP000002,Public Safety System Revitalization,MFCP,MF
MFDR,Office of the Chief Administrative Officer,MFDR,MF
MFDR000001,Chief Administrative Officer,MFDR,MF
MFEB000001,EBS Ongoing Operations,MFTS,MF
MFEB000002,EBS services,MFTS,MF
MFEB000003,Debt Activity,MFTS,MF
MFFM,Fund Management,MFFM,FM
MFFM000001,General Fund Contingency,MFFM,FM
MFFM000002,General Fund Discretionary Revenues,MFFM,FM
MFFM000003,General Fund Overhead Recovery,MFFM,FM
MFFM000004,Fund Management,MFFM,FM
MFFM000005,Debt Activity,MFFM,FM
MFFM000006,Debt Activity - GO Bonds,MFFM,FM
MFFS000001,Accounting - Administration/Operations,MFRB,MF
MFFS000002,Accounting - Payroll,MFHR,MF
MFFS000003,Accounting - Financial Reporting,MFRB,MF
MFFS000004,Operational Accounting,MFRB,MF
MFFS000005,Debt Management,MFRB,MF
MFFS000006,Treasury Services,MFRB,MF
MFFS000007,Deferred Compensation,MFHR,MF
MFFS000008,Financial Planning and Grants Management,MFRB,MF
MFFS000009,Grants Management,MFRB,MF
MFHR,Human Resources,MFHR,MF
MFHR000001,Operations,MFHR,MF
MFHR000002,Labor Relations,MFHR,MF
MFHR000003,Classification Compensation,MFHR,MF
MFHR000004,Employment & Development,MFHR,MF
MFHR000005,Diversity and Affirmative Action,MFHR,MF
MFHR000006,Benefits,MFHR,MF
MFHR000007,Site Team - Public Utilities,MFHR,MF
MFHR000008,Site Team - Public Safety,MFHR,MF
MFHR000009,Site Team - Comm Svcs / Admin,MFHR,MF
MFHR000010,Self Insured Plan Internal Admin,MFHR,MF
MFHR000011,City Self Insured Plans,MFHR,MF
MFHR000012,PPA Self Insured Plan Internal Admin,MFHR,MF
MFHR000013,PPA Self Insured Plans,MFHR,MF
MFHR000014,Human Resources Police Bureau,MFHR,MF
MFHR000015,Training Fund program exps& rev account,MFHR,MF
MFHR000016,Deferred Compensation,MFHR,MF
MFHR000017,Portland Police Association Self Insured,MFHR,MF
MFIB,Internal Business Services,MFIB,MF
MFOP000001,Finance and Management Services,MFDR,MF
MFOP000002,Printing & Distribution Administration,MFTS,MF
MFOP000003,Duplicating Services,MFTS,MF
MFOP000004,Mailing/Copier/Microfilm Services,MFTS,MF
MFOP000005,Risk Management Administration,MFRB,MF
MFOP000006,Liability,MFRB,MF
MFOP000007,Workers Compensation,MFRB,MF
MFOP000008,Loss Prevention & Commercial Insurance,MFRB,MF
MFOP000009,Occupational Health & Infectious Disease,MFRB,MF
MFOP000010,Maintenance & Repair,MFDR,MF
MFOP000011,Fuel Management,MFDR,MF
MFOP000012,Vehicle Pool,MFDR,MF
MFOP000013,Vehicle Acquisition,MFDR,MF
MFOP000014,Replacement,MFDR,MF
MFOP000015,Lease/Rental Vehicle,MFDR,MF
MFOP000016,CityFleet Admin,MFDR,MF
MFOP000017,*INAC* 1st & Jefferson Park,MFIB,MF
MFOP000018,*INAC* 1st & Jefferson Comm,MFIB,MF
MFOP000019,*INAC* O'Bryant Sq,MFIB,MF
MFOP000020,*INAC* 10th & Yamhill Park,MFIB,MF
MFOP000021,*INAC* 10th & Yamhill Comm,MFIB,MF
MFOP000022,*INAC* 3rd & Alder Park,MFIB,MF
MFOP000023,*INAC* 3rd & Alder Comm,MFIB,MF
MFOP000024,*INAC* 4th & Yamhill Park,MFIB,MF
MFOP000025,*INAC* 4th & Yamhill Comm,MFIB,MF
MFOP000026,*INAC* Naito & Davis Park,MFIB,MF
MFOP000027,*INAC* Naito & Davis Comm,MFIB,MF
MFOP000028,*INAC* Station Place,MFIB,MF
MFOP000029,*INAC* Fund Requirements,MFIB,MF
MFOP000030,*INAC* Parking Fac Admin,MFIB,MF
MFOP000031,Rose Garden,MFDR,MF
MFOP000032,Memorial Coliseum,MFDR,MF
MFOP000033,PGE Park,MFDR,MF
MFOP000034,Rose Garden Plaza,MFDR,MF
MFOP000035,Rose Garden Parking Garages,MFDR,MF
MFOP000036,Spec Fac Admin,MFDR,MF
MFOP000037,Renovation Projects,MFIB,MF
MFOP000038,New Construction,MFDR,MF
MFOP000039,GO Bond Admin,MFDR,MF
MFOP000040,Facilities Services Admininstration,MFDR,MF
MFOP000041,Facilities Maintenance Services,MFDR,MF
MFOP000042,Facilities Project Management,MFDR,MF
MFOP000043,Facilities Property Management,MFDR,MF
MFOP000044,Parking and Spectator Fac Admin,MFDR,MF
MFOP000045,Portland Building,MFCP,MF
MFOP000046,City Hall,MFDR,MF
MFOP000047,1900 Building,MFDR,MF
MFOP000048,Portland Community Center,MFDR,MF
MFOP000049,Records Ctr - Park,MFDR,MF
MFOP000050,Records Ctr - PSU,MFDR,MF
MFOP000051,Property Warehouse,MFDR,MF
MFOP000052,Police Traffic Division,MFDR,MF
MFOP000053,Police Training Division,MFDR,MF
MFOP000054,Equestrian Division,MFDR,MF
MFOP000055,Vehicle Storage Lot,MFDR,MF
MFOP000056,North Precinct,MFDR,MF
MFOP000057,East Precinct,MFDR,MF
MFOP000058,Justice Center,MFDR,MF
MFOP000059,Kerby Garage,MFDR,MF
MFOP000060,Emergency Coordination Center,MFDR,MF
MFOP000061,Union Station,MFDR,MF
MFOP000062,Debt Activity - Facilities,MFDR,MF
MFOP000063,Debt Activity - Arena,MFDR,MF
MFOP000064,Debt Activity - Parking,MFIB,MF
MFOP000065,Loss Prevention-WC,MFRB,MF
MFOP000066,WC Fund Level Rev & Exp,MFRB,MF
MFOP000067,Liab Fund Level Rev & Exp,MFRB,MF
MFOP000068,P&D Fund Level Rev & Exp,MFTS,MF
MFOP000069,Jerome Sears Facility,MFIB,MF
MFOP000070,Fleet  Inventory -Fuel & Parts,MFDR,MF
MFOP000071,OMF Internal Business Services-Dir Offic,MFDR,MF
MFOP000072,Portland 5 property Keller Auditorium,MFDR,MF
MFOP000073,Portland 5 property Schnitzer Concert Ha,MFDR,MF
MFOP000074,Portland 5 property Antoinette Hatfield,MFDR,MF
MFOP000075,Phase II Lot property,MFDR,MF
MFOP000076,St Johns Police Facility,MFIB,MF
MFOP000077,Homelessness and Urban Camping Impact Re,MFIB,MF
MFOP000078,Four and Montgomery Building,MFIB,MF
MFPU000001,Procurement Services,MFRB,MF
MFPU000002,Director's Office,MFRB,MF
MFPU000003,Outside Services,MFRB,MF
MFRB,Bureau of Revenue & Financial Services,MFRB,MF
MFRB000001,License and Tax Division,MFRB,MF
MFRB000002,Audit & Accounting Division,MFRB,MF
MFRB000003,Business Solutions Division,MFRB,MF
MFRB000004,Regulatory Division,MFRB,MF
MFRB000005,Office for Community Technology,MFRB,MF
MFSA,Office of Management & Finance - Special Approps,MFSA,SA
MFSA000001,One-time Special Appropriations,MFSA,SA
MFSA000002,City Memberships & Dues,MFSA,SA
MFSA000003,All Hands Raised,MFSA,SA
MFSA000004,Compensation Set-Aside,MFSA,SA
MFSA000005,Council Emergency Funds,MFSA,SA
MFSA000006,Mayor's Secret Service Funds,MFSA,SA
MFSA000007,Clean & Safe District,MFSA,SA
MFSA000008,Downtown Marketing,MFSA,SA
MFSA000009,Small Business-Portland Development Comm,MFSA,SA
MFSA000010,Regional Arts & Culture Council,MFSA,SA
MFSA000011,Downtown Services,MFSA,SA
MFSA000012,COPPEA Professional Development,MFSA,SA
MFSA000013,PDC Pass Through GF Allocations,MFSA,SA
MFSA000014,PDC Enterprise Zones,MFSA,SA
MFSA000015,PDC Business Development,MFSA,SA
MFSA000016,PDC Business Districts,MFSA,SA
MFSA000017,PDC Targeted Industry Jobs,MFSA,SA
MFSA000018,PDC Near-Equity Loans,MFSA,SA
MFSA000019,Annual CAFR Audit Fds to Pay Ex. Auditor,MFSA,SA
MFSA000020,PCPA Cash Xfer and related activities,MFSA,SA
MFSA000021,Future Connect Scholarship,MFSA,SA
MFSA000022,Crisis Assessment Center,MFSA,SA
MFSA000023,Youth Violence Preventn frm Mayors to SA,MFSA,SA
MFSA000024,Innovation Fund,MFSA,SA
MFSA000025,SUN Program - David Douglas,MFSA,SA
MFSA000026,CashOregon Free Tax Help,MFSA,SA
MFSA000027,Mt Hood Cable Regulatory,MFSA,SA
MFSA000028,IGA with County for Title 13 Animals,MFSA,SA
MFSA000029,EBS Charge for Special Appropriations,MFSA,SA
MFSA000030,Compliance Officer/Community Liaison and,MFSA,SA
MFSA000031,Citizen Utility Board bill insert,MFSA,SA
MFSA000032,Last Thursday Special Appropriation,MFSA,SA
MFSA000033,Restorative Justice Special Appropriatio,MFSA,SA
MFSA000034,Village Market Special Appropriation,MFSA,SA
MFSA000035,VOZ Workers' Rights Education Project,MFSA,SA
MFSA000036,DCTU Professional Development,MFSA,SA
MFTS,Technology Services,MFTS,MF
MFTS000001,CTO Office,MFTS,MF
MFTS000002,Communications,MFTS,MF
MFTS000003,Customer Relationship Mgmnt,MFTS,MF
MFTS000004,Strategic Planning,MFTS,MF
MFTS000005,Do Not Use -Quality Assurance,MFTS,MF
MFTS000006,Project Management Office Overhead,MFTS,MF
MFTS000007,Project Management Office T&M Billable,MFTS,MF
MFTS000008,BTS Bureau Administration,MFTS,MF
MFTS000009,Support Center,MFTS,MF
MFTS000010,Support Center T&M Billable,MFTS,MF
MFTS000011,Integrated Support Center,MFTS,MF
MFTS000012,Support Systems & Asset Management,MFTS,MF
MFTS000013,Help Desk,MFTS,MF
MFTS000014,User Access & Account Management,MFTS,MF
MFTS000015,Email,MFTS,MF
MFTS000016,Internet,MFTS,MF
MFTS000017,Desktop & Laptop Support,MFTS,MF
MFTS000018,Windows Servers,MFTS,MF
MFTS000019,Data Center & Production Management,MFTS,MF
MFTS000020,SAN,MFTS,MF
MFTS000021,Enterprise Server,MFTS,MF
MFTS000022,TRACS Infrastructure,MFTS,MF
MFTS000023,SAP Infrastructure,MFTS,MF
MFTS000024,Utility Billing Infrastructure,MFTS,MF
MFTS000025,Synergen Infrastructure,MFTS,MF
MFTS000026,GIS Infrastructure,MFTS,MF
MFTS000027,E-Government Infrastructure,MFTS,MF
MFTS000028,Information Security,MFTS,MF
MFTS000029,Business Solutions Overhead,MFTS,MF
MFTS000030,Business Solutions T&M Billable,MFTS,MF
MFTS000031,Bureau Specific App. Staff Support,MFTS,MF
MFTS000032,Corporate Applications,MFTS,MF
MFTS000033,TRACS Application,MFTS,MF
MFTS000034,SAP Application,MFTS,MF
MFTS000035,GIS Application,MFTS,MF
MFTS000036,Application Fixed Fee Maintenance,MFTS,MF
MFTS000037,E-Commerce Applications,MFTS,MF
MFTS000038,E-Government Applications,MFTS,MF
MFTS000039,Radio Shop Overhead,MFTS,MF
MFTS000040,Radio Shop Operations,MFTS,MF
MFTS000041,Video Operations,MFTS,MF
MFTS000042,Telecomm Ops,MFTS,MF
MFTS000043,Telecommunications T&M Billable,MFTS,MF
MFTS000044,BOEC Contract Management,MFTS,MF
MFTS000045,Cellular Phones,MFTS,MF
MFTS000046,Paging Services,MFTS,MF
MFTS000047,Leased Business and WATS Services,MFTS,MF
MFTS000048,Long Distance,MFTS,MF
MFTS000049,IRNE Operating,MFTS,MF
MFTS000050,Telecommunications Engineering,MFTS,MF
MFTS000051,Network Engineering & Support,MFTS,MF
MFTS000052,Voice Mail,MFTS,MF
MFTS000053,I-Net,MFTS,MF
MFTS000054,800 MHz Overhead,MFTS,MF
MFTS000055,800 MHz System,MFTS,MF
MFTS000056,Radio and Video Equipment,MFTS,MF
MFTS000057,Telecomm,MFTS,MF
MFTS000058,Poverty Fund - DO NOT USE,MFTS,MF
MFTS000059,Information Technology,MFTS,MF
MFTS000060,Public Safety Overhead,MFTS,MF
MFTS000061,Police IT Field Support,MFTS,MF
MFTS000062,Police Bureau Applications,MFTS,MF
MFTS000063,Debt Activity,MFTS,MF
MFTS000064,Inventory Control,MFTS,MF
MFTS000065,Stores & Order Fulfillment,MFTS,MF
MFTS000066,Planning and Development,MFTS,MF
MFTS000067,Network Eng & Info Sec Billable,MFTS,MF
MFTS000068,Cable Plant Eng,MFTS,MF
MFTS000069,Utility Billing App,MFTS,MF
MFTS000070,Production Services,MFTS,MF
MFTS000071,PC Deployment,MFTS,MF
MFTS000072,CAD Next Infrastructure,MFTS,MF
MFTS000073,CAD Next Application,MFTS,MF
MFTS000074,RegJIN Application,MFTS,MF
MFTS000075,RegJIN Infrastructure,MFTS,MF
MFTS000076,Federal Tax Information Infrastructure,MFTS,MF
MFTS000077,Hosted SQL Environment,MFTS,MF
MY,Office of the Mayor,,MY
MYMY,Office of the Mayor,MYMY,MY
MYMY000001,Administrative and Executive Management,MYMY,MY
MYMY000003,Office of Youth Violence Prevention,MYMY,MY
NI,Office of Neighborhood Involvement,,NI
NIAD,Administration,NIAD,NI
NIAD000001,ONI Administration,NIAD,NI
NICP,Crime Prevention,NICP,NI
NICP000001,Crime Prevention,NICP,NI
NICP000002,ACCESS Program,NICP,NI
NIIR,Information & Referral,NIIR,NI
NIIR000001,City/County Information & Referral,NIIR,NI
NINL,Neighborhood Livability Services,NINL,NI
NINL000001,Liquor Licensing Notification,NINL,NI
NINL000002,Graffiti Abatement,NINL,NI
NINL000003,Community Residential Siting,NINL,NI
NINL000004,Neighborhood Mediation,NINL,NI
NINL000005,NOISE CONTROL,NINL,NI
NINL000006,Marijuana Licensing and Regulation,NINL,NI
NINR,Neighborhood Resource Center,NINR,NI
NINR000001,Neighborhood Resource Center,NINR,NI
NINR000002,Coalition Contracts,NINR,NI
NINR000003,North Portland Neighborhood Services,NINR,NI
NINR000004,NPNS Cleanups,NINR,NI
NINR000005,NPNS Tool Library,NINR,NI
NINR000006,East Portland Neighborhood Office,NINR,NI
NINR000007,EPNO Cleanups,NINR,NI
NINR000008,Elders in Action,NINR,NI
NINR000009,Disability Program,NINR,NI
NINR000010,Business District Support,NINR,NI
NINR000011,Mayor's Violence Reduction,NINR,NI
NINR000012,Community Connect - BIP #8,NINR,NI
NINR000013,Visioning Grants,NINR,NI
NINR000017,Neighborhood Outreach,NINR,NI
NINR000018,Accessible Neighborhoods,NINR,NI
OE,Office of Equity & Human Rights,,OE
OEOE,Office of Equity & Human Rights,OEOE,OE
OEOE000001,Office of Equity and Human Rights,OEOE,OE
PA,Commissioner of Public Affairs,,PA
PACO,Commissioner of Public Affairs,PACO,PA
PACO000001,Commissioner of Public Affairs,PACO,PA
PACO000002,CHIF Administration,PACO,PA
PACO000004,Domestic Violence One-Stop Center,PACO,PA
PK,Portland Parks & Recreation,,PK
PKAM,Asset Management,PKAM,PK
PKAM000001,Asset Management Admin,PKAM,PK
PKAM000002,Asset Management Program,PKAM,PK
PKAM000003,Parks General Obligation Bond Program,PKAM,PK
PKAM000004,Central Services Amenities,PKAM,PK
PKAM000005,Central Services Facilities Maint,PKAM,PK
PKCN,City Nature,PKCN,PK
PKCN000001,CN West Natural Areas,PKLM,PK
PKCN000002,Washington Park,PKLM,PK
PKCN000003,Tree Regulation,PKCN,PK
PKCN000004,Environmental Education,PKLM,PK
PKCN000005,Outdoor Recreation,PKCN,PK
PKCN000006,Urban Forestry Operations,PKCN,PK
PKCN000007,Natural Areas Admin,PKCN,PK
PKCN000008,CN East Natural Areas,PKLM,PK
PKCN000009,Horticultural Services,PKLM,PK
PKCN000010,Urban Forestry Manager,PKCN,PK
PKCN000011,UF Science and Outreach,PKCN,PK
PKDI,Director's Office,PKDI,PK
PKDI000001,Director's Office,PKDI,PK
PKDI000002,Finance,PKDI,PK
PKDI000003,Parks Local Option Levy,PKDI,PK
PKDI000004,Portland Parks Trust,PKDI,PK
PKDI000005,Parks Endowment,PKDI,PK
PKDI000006,Community Relations Admin,PKDI,PK
PKDI000007,Parks Equity and Inclusion Program,PKDI,PK
PKLM,Land Management,PKLM,PK
PKLM000001,Land Stewardship Division Administration,PKLM,PK
PKLM000002,Westside Lands Manager Administration,PKLM,PK
PKLM000003,Eastside Lands Manager Administration,PKLM,PK
PKLM000004,Citywide Lands Manager Administration,PKLM,PK
PKPR,Parks & Recreation Services,PKPR,PK
PKPR000001,Services Zone 1 Admin,PKPR,PK
PKPR000002,Svcs NW/DT Ops,PKLM,PK
PKPR000003,Turf Maintenance,PKLM,PK
PKPR000004,Hillside Community Center,PKPR,PK
PKPR000005,Irrigation Services,PKLM,PK
PKPR000006,Community Centers Manager,PKPR,PK
PKPR000007,Svcs SW Ops,PKLM,PK
PKPR000008,Athletic Field Services,PKPR,PK
PKPR000009,Fulton CC,PKPR,PK
PKPR000010,Southwest Community Center,PKPR,PK
PKPR000011,Summer Free for All,PKPR,PK
PKPR000012,Services South Zone Operations,PKLM,PK
PKPR000013,Mt. Scott Community Center,PKPR,PK
PKPR000014,Sellwood Community Center,PKPR,PK
PKPR000015,Sports/Aquatics Manager,PKPR,PK
PKPR000016,Services East  Zone Operations,PKLM,PK
PKPR000017,East Portland Community Center,PKPR,PK
PKPR000018,Montavilla Community Center,PKPR,PK
PKPR000019,"Arts, Culture and SE Manager",PKPR,PK
PKPR000020,Services North Zone Operations,PKLM,PK
PKPR000021,Matt Dishman Community Center,PKPR,PK
PKPR000022,Peninsula Park Community Center,PKPR,PK
PKPR000023,St. Johns Community Center,PKPR,PK
PKPR000024,Charles Jordan CC,PKPR,PK
PKPR000025,Aquatics Program Admin,PKPR,PK
PKPR000026,Columbia Pool,PKPR,PK
PKPR000027,Creston Pool,PKPR,PK
PKPR000028,Grant Pool,PKPR,PK
PKPR000029,Montavilla Pool,PKPR,PK
PKPR000030,Peninsula Pool,PKPR,PK
PKPR000031,Pier Pool,PKPR,PK
PKPR000032,Sellwood Pool,PKPR,PK
PKPR000033,Wilson Pool,PKPR,PK
PKPR000034,Buckman Pool,PKPR,PK
PKPR000035,Laurelhurst Studio,PKPR,PK
PKPR000036,Services Zone Support Admin,PKAM,PK
PKPR000037,Engineering,PKAM,PK
PKPR000038,Heavy Equipment Services,PKAM,PK
PKPR000039,Structural Services Support,PKAM,PK
PKPR000040,Athletics Admin,PKPR,PK
PKPR000041,Parks & Rec Services Admin,PKPR,PK
PKPR000042,Woodstock Community Center,PKPR,PK
PKPR000043,Portland Tennis Center,PKPR,PK
PKPR000044,Svcs Northeast Zone Operations,PKLM,PK
PKPR000045,Teen Programming,PKPR,PK
PKPR000046,Urban Parks Programming,PKPR,PK
PKSB,"Strategy, Finance, and Business Development",PKSB,PK
PKSB000002,Marketing and Business Development,PKSB,PK
PKSB000003,Property Management,PKDI,PK
PKSB000004,Planning,PKAM,PK
PKSB000005,Parks Local Option Levy,PKSB,PK
PKSB000006,Golf Admin,PKPR,PK
PKSB000007,Eastmoreland Golf Course,PKPR,PK
PKSB000008,Heron Lakes Golf Course,PKPR,PK
PKSB000009,RedTail Golf Course,PKPR,PK
PKSB000010,Rose City Golf Course,PKPR,PK
PKSB000011,Debt Activity,PKDI,PK
PKSB000012,Portland International Raceway,PKPR,PK
PKSB000013,Capital Infrastructure Projects,PKAM,PK
PKSB000014,Systems Development Charges,PKDI,PK
PKSB000015,Strat Fin & Bus Dev Administration,PKSB,PK
PKSB000016,Performance & Analysis,PKDI,PK
PKSB000017,Colwood Golf Course,PKPR,PK
PKWC,Workforce and Community Development,PKWC,PK
PKWC000001,Citywide Recreation,PKPR,PK
PKWC000002,Alice Ott Community School,PKPR,PK
PKWC000003,Arleta Community School,PKPR,PK
PKWC000004,Beaumont Community School,PKPR,PK
PKWC000005,SUN CS Admin,PKPR,PK
PKWC000006,Centennial Community School,PKPR,PK
PKWC000007,Faubion Community School,PKPR,PK
PKWC000008,Roseway Heights Community School,PKPR,PK
PKWC000009,Grout Community School,PKPR,PK
PKWC000010,Lane Community School,PKPR,PK
PKWC000011,Recreation Strategies & Initiatives,PKPR,PK
PKWC000012,Mt. Tabor Community School,PKPR,PK
PKWC000013,Parkrose Community School,PKPR,PK
PKWC000014,Sitton Community School,PKPR,PK
PKWC000015,Public Involvement,PKDI,PK
PKWC000016,Community Gardens,PKLM,PK
PKWC000017,Community Music Center,PKPR,PK
PKWC000018,Adaptive and Inclusive Recreation,PKPR,PK
PKWC000019,Senior Citizens Rec,PKPR,PK
PKWC000020,Multnomah Arts Center,PKPR,PK
PKWC000021,Security Coordinator,PKDI,PK
PKWC000022,Park Safety - Risk Management,PKDI,PK
PKWC000023,Volunteer Programs,PKDI,PK
PKWC000024,Workforce Support & Dev. Admin,PKDI,PK
PKWC000025,City Collaborative Services Admin,PKWC,PK
PKWC000026,Administrative Support,PKAM,PK
PKWC000027,Workforce & Comm Alliances Admin,PKWC,PK
PKWC000028,Customer Service Center,PKDI,PK
PKWC000029,Technology,PKDI,PK
PKWC000030,"Health, Safety & Environment",PKDI,PK
PL,Portland Police Bureau,,PL
PLCH,Chief's Office,PLCH,PL
PLCH000001,Chief's Office,PLCH,PL
PLCH000002,Mayor's Liaison,PLCH,PL
PLCH000003,Public Information,PLCH,PL
PLCH000004,Emergency Management Unit,PLCH,PL
PLCH000005,Crime Analysis Unit,PLCH,PL
PLCH000006,Statistical Support,PLCH,PL
PLCH000007,Communication Support,PLCH,PL
PLCH000008,Strategic Services Division,PLCH,PL
PLCH000009,Criminal Intelligence Unit,PLCH,PL
PLCH000010,Professional Development,PLCH,PL
PLCH000011,The Day Watch,PLCH,PL
PLCH000012,Support Services Overhead,PLCH,PL
PLCH000013,Crime Interdiction Overhead,PLCH,PL
PLCH000014,Retirement/Resignation,PLCH,PL
PLCH000015,Health & Safety,PLCH,PL
PLCH000016,Legal Defense,PLCH,PL
PLCH000017,Patrol Operations Overhead,PLCH,PL
PLCH000018,Investigations Overhead,PLCH,PL
PLCH000024,Prof Standard Division,PLCH,PL
PLCH000026,School Pol Officers,PLCH,PL
PLCH000027,Equity Management,PLCH,PL
PLCH000028,Compliance Unit,PLCH,PL
PLCH000029,Community Service Officers,PLCH,PL
PLCH000030,Honor Guard,PLCH,PL
PLCH000031,Community Engagement,PLCH,PL
PLIN,Investigations,PLIN,PL
PLIN000001,Home Security,PLIN,PL
PLIN000002,Sunshine Division,PLIN,PL
PLIN000003,Police League,PLIN,PL
PLIN000004,Gang Enforcement Team,PLIN,PL
PLIN000005,Rapid Response,PLIN,PL
PLIN000006,Tactical Operations Division,PLIN,PL
PLIN000007,Special Emergency Reaction Team,PLIN,PL
PLIN000008,Explosive Disposal,PLIN,PL
PLIN000009,FBI Safe Street,PLIN,PL
PLIN000010,Pawn Ticket Sales,PLIN,PL
PLIN000011,Detective Division,PLIN,PL
PLIN000012,Arson Detail,PLIN,PL
PLIN000013,ATF Task Force,PLIN,PL
PLIN000014,DA Investigations,PLIN,PL
PLIN000015,DVD/OCDETF,PLIN,PL
PLIN000016,DEA Crime Interdiction,PLIN,PL
PLIN000017,DVD/Drug-AF,PLIN,PL
PLIN000018,DVD Canine,PLIN,PL
PLIN000019,Drug & Vice,PLIN,PL
PLIN000020,Regulatory Org Crime Narc,PLIN,PL
PLIN000021,Early Intervention,PLIN,PL
PLIN000022,Internal Affairs Division,PLIN,PL
PLIN000023,ID Photo Lab Services,PLIN,PL
PLIN000024,Forensic Evidence Division,PLIN,PL
PLIN000025,Gun Taskforce,PLIN,PL
PLIN000026,Information & Referral,PLIN,PL
PLIN000027,Court Services,PLIN,PL
PLIN000028,AF/DWS/Habitual,PLIN,PL
PLIN000029,Tow/Store Charges,PLIN,PL
PLIN000030,Asset Forfeiture,PLIN,PL
PLIN000031,GREAT Program,PLIN,PL
PLIN000032,Women's Strength,PLIN,PL
PLIN000033,Domestic Violence,PLIN,PL
PLIN000034,Elder Crimes,PLIN,PL
PLIN000035,Juveniles Runaway,PLIN,PL
PLIN000036,Cares Northwest,PLIN,PL
PLIN000037,Child Abuse Multi-Discip Intervention,PLIN,PL
PLIN000038,Child Abuse Team,PLIN,PL
PLIN000039,Family Services,PLIN,PL
PLIN000040,Bias/Hate Crimes,PLIN,PL
PLIN000041,Youth Crime Prevention,PLIN,PL
PLIN000042,Air Support,PLIN,PL
PLIN000043,Crisis Negotiation Team,PLIN,PL
PLIN000044,Vehicle Storage Facility,PLIN,PL
PLIN000045,Detectives Homicide/ Assault Unit,PLIN,PL
PLIN000046,Detectives Robbery Unit,PLIN,PL
PLIN000047,Detectives Sex Crimes Unit,PLIN,PL
PLIN000048,Detectives White Collar Crimes,PLIN,PL
PLIN000050,TOD Metro Gang Task Force,PLIN,PL
PLIN000052,US Marshall / HIDTA,PLIN,PL
PLIN000053,Burglary Task Force,PLIN,PL
PLIN000054,Detectives FBI Bank Robbery,PLIN,PL
PLIN000055,High Intensity Drug Trafficking Area-D&V,PLIN,PL
PLOP,Operations,PLOP,PL
PLOP000001,Reserve Program,PLOP,PL
PLOP000002,Transit Police,PLOP,PL
PLOP000003,Central Crime Analysis,PLOP,PL
PLOP000004,Central/Return to Work,PLOP,PL
PLOP000005,Central/Special Pol,PLOP,PL
PLOP000006,Central/Special Pol,PLOP,PL
PLOP000007,APP Clean & Safe,PLOP,PL
PLOP000008,St James Contact,PLOP,PL
PLOP000009,SW Contact Office,PLOP,PL
PLOP000010,Old Town Contact,PLOP,PL
PLOP000011,NW Contact Office,PLOP,PL
PLOP000012,Bryant Square Office,PLOP,PL
PLOP000013,Central Precinct,PLOP,PL
PLOP000014,Mounted Patrol,PLOP,PL
PLOP000015,Central/NRT,PLOP,PL
PLOP000016,SE Crime Analysis,PLOP,PL
PLOP000017,SE/Return to Work,PLOP,PL
PLOP000018,SE/Special Pol Service,PLOP,PL
PLOP000019,SE/B-D Contact Office,PLOP,PL
PLOP000020,SE/Sellwood Office,PLOP,PL
PLOP000021,SE/Clark Center,PLOP,PL
PLOP000022,SE Precinct,PLOP,PL
PLOP000023,Canine Unit,PLOP,PL
PLOP000024,NE Crime Analysis,PLOP,PL
PLOP000025,NE/Return to Work,PLOP,PL
PLOP000026,North/Special Pol Service,PLOP,PL
PLOP000027,NE/Metro Office,PLOP,PL
PLOP000028,North Precinct,PLOP,PL
PLOP000029,Police Cadets,PLOP,PL
PLOP000030,Traff/Special Pol,PLOP,PL
PLOP000031,Photo Radar,PLOP,PL
PLOP000032,Red Light Camera,PLOP,PL
PLOP000033,Traffic Operations,PLOP,PL
PLOP000034,Traffic/Investigation,PLOP,PL
PLOP000035,PUC Enforcement,PLOP,PL
PLOP000036,East/Neighborhood Response Team,PLOP,PL
PLOP000037,East/Detectives,PLOP,PL
PLOP000038,North/Neighborhood Response Team,PLOP,PL
PLOP000039,North/Detectives,PLOP,PL
PLOP000040,SE/Neighborhood Response Team,PLOP,PL
PLOP000041,NE/Neighborhood Response Team,PLOP,PL
PLOP000042,Crisis Response Team,PLOP,PL
PLOP000043,Central/Detectives,PLOP,PL
PLOP000044,SE/Detectives,PLOP,PL
PLOP000045,Central Detectives,PLOP,PL
PLOP000046,Southeast Detectives,PLOP,PL
PLOP000047,North Detectives,PLOP,PL
PLOP000048,Youth Advisory Council,PLOP,PL
PLOP000049,East/Return to Work,PLOP,PL
PLOP000050,Youth Services Division,PLOP,PL
PLOP000051,East Special Pol Svc,PLOP,PL
PLOP000052,Columbia Stat Office,PLOP,PL
PLOP000053,Hollywood Contact Office,PLOP,PL
PLOP000054,Eastport Contact Office,PLOP,PL
PLOP000055,East Precinct,PLOP,PL
PLOP000056,North Crime Analysis,PLOP,PL
PLOP000057,NE/Special Pol,PLOP,PL
PLOP000058,North/Return to Work,PLOP,PL
PLOP000059,North Secondary Employment,PLOP,PL
PLOP000060,Old North Precinct,PLOP,PL
PLOP000061,Traffic Motorcycles,PLOP,PL
PLOP000064,Special Property Crimes,PLOP,PL
PLOP000065,Behavioral Health Unit,PLOP,PL
PLOP000066,Hot Spot Enf Team - HEAT,PLOP,PL
PLSB,Services Branch,PLSB,PL
PLSB000001,Comm / Fac.,PLSB,PL
PLSB000002,Fleet Services,PLSB,PL
PLSB000003,Police Quartermaster,PLSB,PL
PLSB000004,Loss Control,PLSB,PL
PLSB000005,Management Services,PLSB,PL
PLSB000006,Storekeeper - AF,PLSB,PL
PLSB000007,Property Disposal,PLSB,PL
PLSB000008,Property Evidence,PLSB,PL
PLSB000009,Information Tech Division,PLSB,PL
PLSB000010,Uninsured Motorist,PLSB,PL
PLSB000011,Records Division,PLSB,PL
PLSB000012,Personnel Division,PLSB,PL
PLSB000013,Pension/Disability,PLSB,PL
PLSB000014,Employee Assistance,PLSB,PL
PLSB000015,Training Division,PLSB,PL
PLSB000016,Fiscal Services,PLSB,PL
PLSB000017,Telephone Reports,PLSB,PL
PLSB000018,PPA Secretary,PLSB,PL
PLSB000019,PPA President,PLSB,PL
PLSB000020,Vehicle Storage,PLSB,PL
PLSB000021,Alarms Unit,PLSB,PL
PLSB000022,Crisis Intervention,PLSB,PL
PLSB000023,Training Advanced Academy,PLSB,PL
PLSB000024,Training In-Service,PLSB,PL
PLSB000025,Complaint Signer,PLSB,PL
PLSB000026,Officer Trainees,PLSB,PL
PLSB000027,Regional Justice Information Network,PLSB,PL
PLSB000028,Armory,PLSB,PL
PLSB000029,RegJIN PPB Support,PLSB,PL
PN,Bureau of Planning & Sustainability,,PN
PNCP,Comprehensive Planning,PNCP,PN
PNCP000001,Planning and Urban Design,PNCP,PN
PNCP000002,Housing and Intergovernmental Programs,PNCP,PN
PNCP000003,Economic Development Planning Program,PNCP,PN
PNCP000004,Strategic and Community Planning,PNCP,PN
PNDO,Director's Office,PNDO,PN
PNDO000001,Director's Office,PNDO,PN
PNDO000002,River Renaissance,PNDO,PN
PNDP,District Planning,PNDP,PN
PNDP000001,District Planning Division - General,PNDP,PN
PNDP000002,District Liaison Program,PNDP,PN
PNDP000003,Urban Design Program,PNDP,PN
PNDP000004,Central City Program,PNDP,PN
PNDP000005,Historic Resources Program,PNDP,PN
PNOP,Operations,PNOP,PN
PNOP000001,Administration,PNOP,PN
PNOP000002,Technical Support,PNOP,PN
PNOP000003,Budget & Finance,PNOP,PN
PNOP000004,General Bureauwide Operating Costs,PNOP,PN
PNPC,Policy and Code Planning,PNPC,PN
PNPC000001,Policy and Code Planning Div - General,PNPC,PN
PNPC000002,Measure 37 Program,PNPC,PN
PNPC000003,Historic Resources Program,PNPC,PN
PNPC000004,River Planning Project,PNPC,PN
PNPC000005,Comp Plan Implementation Program,PNPC,PN
PNPC000006,Environmental Planning Program,PNPC,PN
PNSD,Sustainable Development,PNSD,PN
PNSD000001,Communications,PNSD,PN
PNSD000002,"Policy, Research and Innovation",PNSD,PN
PNSD000004,Sustainability Education and Assistance,PNSD,PN
PNSD000005,Solid Waste Recycling,PNSD,PN
PNSD000006,Waste Reduction and Recycling,PNSD,PN
PNSD000007,Commercial Solid Waste,PNSD,PN
PS,Commissioner of Public Safety,,PS
PSCO,Commissioner of Public Safety,PSCO,PS
PSCO000001,Commissioner of Public Safety,PSCO,PS
PU,Commissioner of Public Utilities,,PU
PUCO,Commissioner of Public Utilities,PUCO,PU
PUCO000001,Commissioner of Public Utilities,PUCO,PU
PW,Commissioner of Public Works,,PW
PWCO,Commissioner of Public Works,PWCO,PW
PWCO000001,Commissioner of Public Works,PWCO,PW
SA,Special Appropriations,,SA
SD,Office of Sustainable Development,,SD
SDSD,Sustainable Development,SDSD,SD
SDSD000001,Director's Office,SDSD,SD
SDSD000002,Technical Services,SDSD,SD
SDSD000004,Training Education & Outreach,SDSD,SD
SDSD000005,Solid Waste Recycling,SDSD,SD
SDSD000006,Solid Waste Residential,SDSD,SD
SDSD000007,Solid Waste Commercial and Multifamily,SDSD,SD
TR,Portland Bureau of Transportation,,TR
TRBS,Business Services,TRBS,TR
TRDR,Directors Group,TRDR,TR
TRDR000001,Transportation Administration,TRDR,TR
TRDR000002,Business Services,TRBS,TR
TRDR000003,Information Management,TRBS,TR
TRDR000004,Transportation Planning,TRPP,TR
TRDR000005,Maintenance Payroll (Inactive),TRDR,TR
TRDR000006,Debt Activity,TRFM,TR
TRDR000007,Business Svcs Contract Mgmt,TRBS,TR
TRDR000008,Business Svcs Payroll & HR Support,TRBS,TR
TRDR000009,Funds Management,TRFM,TR
TRDR000010,Administrative Services,TRBS,TR
TRDR000011,"Strategy, Innovation & Performance",TRBS,TR
TRDR000014,Transportation Loss Control/Training,TRBS,TR
TRDR000017,Parking Garage Operations,TRPS,TR
TRED,Trans Engr & Development Group,TRED,TR
TRED000001,Right of Way Acquisition,TRED,TR
TRED000002,Permit Engineering,TRED,TR
TRED000003,Street Systems Management,TRED,TR
TRED000004,Civil Design,TRET,TR
TRED000005,Traffic Design,TRET,TR
TRED000006,Survey,TRET,TR
TRED000007,Bridges & Structures,TRET,TR
TRED000008,Construction,TRET,TR
TRED000009,Project Management,TRPP,TR
TRED000010,Engineering Bureau Admin,TRED,TR
TRED000011,Electrical Maintenance,TRET,TR
TRED000012,Streetcar Operations,TRED,TR
TRED000013,"Utilities, Constuction, Inspection Oper",TRED,TR
TRED000014,Development Review Division,TRED,TR
TRED000024,Streetcar Inventory Control,TRIC,TR
TRET,Engineering Services,TRET,TR
TRFM,Funds Management,TRFM,TR
TRIC,Inventory Control,TRIC,TR
TRMN,Transportation Mainenance Group,TRMN,TR
TRMN000001,Maintenance Administration,TRMN,TR
TRMN000002,Emergency Management,TRMN,TR
TRMN000003,Material Distribution Center,TRMN,TR
TRMN000004,Str Maint Engineering Support (inactive),TRMN,TR
TRMN000005,Traffic Maintenance Signs & Markings,TRMN,TR
TRMN000006,Maintenance Division Administration,TRMN,TR
TRMN000007,Street Maintenance,TRMN,TR
TRMN000008,Recycling Facility,TRMN,TR
TRMN000009,Transportation Operations,TRMN,TR
TRMN000010,Traffic Maint Parking Meters (Inactive),TRMN,TR
TRMN000011,Sidewalk Maintenance,TRMN,TR
TRMN000012,Structural Maintenance,TRMN,TR
TRMN000013,Maintenance-Environmental/Operational Sy,TRMN,TR
TRMN000014,Loss Control/Training (inactive),TRMN,TR
TRMN000015,Environmental & Operational Systems,TRMN,TR
TRMN000016,Environmental Sys Div/One Call (Inactive,TRMN,TR
TRMN000017,Sewer Cleaning,TRMN,TR
TRMN000018,Stormwater Maintenance,TRMN,TR
TRMN000019,Sewer Repair,TRMN,TR
TRMN000020,Street Cleaning,TRMN,TR
TRMN000021,Operational Support,TRMN,TR
TRMN000022,Fleet and Equipment Maintenance,TRMN,TR
TRMN000023,Facilities Maintenance,TRMN,TR
TRMN000024,Inventory Control,TRIC,TR
TRMN000025,Environmental Systems and Signs/Markings,TRMN,TR
TRPP,Modal Coordination,TRPP,TR
TRPP00,Modal Coordination,TRPP,TR
TRPP0000,Modal Coordination,TRPP,TR
TRPP000001,Modal Coordination/Complete Streets,TRPP,TR
TRPP000002,New Mobility Systems,TRPP,TR
TRPS,Parking Operations & Regulatory,TRPS,TR
TRTS,Transportation System Group,TRTS,TR
TRTS000001,Transportation System Management,TRTS,TR
TRTS000002,Traffic Operations,TRET,TR
TRTS000003,Signals & Street Lighting,TRET,TR
TRTS000004,Parking Enforcement,TRPS,TR
TRTS000005,Parking Operations,TRPS,TR
TRTS000006,Active Transportation and Safety,TRPP,TR
TRTS000007,Regulatory Services,TRPS,TR
WA,Portland Water Bureau,,WA
WAAD,Administration,WAAD,WA
WAAD000001,Administration-Business Ops,WAAD,WA
WAAD000002,Administration-Public Involvement,WAAD,WA
WAAD000003,Administration - Security,WAAD,WA
WAAD000004,Administration-Property Acquisition,WAAD,WA
WAAD000005,Administration-Grounds Maintenance,WAAD,WA
WABA,Bureau Administrator,WABA,WA
WABA000001,Bureau Administrator-Bureau Admin,WABA,WA
WACS,Customer Services,WACS,WA
WACS000001,Customer Service - Cust Svs Div,WACS,WA
WACS000002,Customer Service-Service Center,WACS,WA
WACS000003,Customer Service-Collections,WACS,WA
WACS000004,Customer Service-Low Income Program,WACS,WA
WACS000005,Customer Service-Operations,WACS,WA
WACS000006,CUSTOMER INFORMATION SYSTEMS,WACS,WA
WACS000007,Customer Service-Billing,WACS,WA
WACS000008,Customer Service-Call Center,WACS,WA
WACS000009,Customer Service-Team B Customer Contact,WACS,WA
WACS000010,Customer Service-Field Services,WACS,WA
WACS000011,Customer Service-Small/Large Meters,WACS,WA
WAEN,Engineering Services,WAEN,WA
WAEN000001,Engineering-Office of Chief Engineer,WAEN,WA
WAEN000002,Administration-Emerg Mgmt Program,WAAD,WA
WAEN000003,Engineering-Performance & Mgmt Control,WAEN,WA
WAEN000004,Engineering-Planning,WAEN,WA
WAEN000005,Engineering-Technical Services,WAEN,WA
WAEN000006,Engineering-Design,WAEN,WA
WAEN000007,Engineering-Construction Program Mgmt,WAEN,WA
WAEN000010,Engineering-Asset Management,WAEN,WA
WAEN000011,Engineering-Contract Administration,WAEN,WA
WAEN000012,"Engineering-Design,Spec,WQ/QC Prgm",WAEN,WA
WAEN000013,Engineering-CIP Development & Support,WAEN,WA
WAEN000014,Engineering-Project Planning,WAEN,WA
WAEN000015,Engineering-Development Services,WAEN,WA
WAEN000016,Engineering-Survey & ROW Services,WAEN,WA
WAEN000017,Engineering-GIS/Record,WAEN,WA
WAEN000018,Engineering-CADD,WAEN,WA
WAEN000019,Engineering-Groundwater Program,WAEN,WA
WAEN000020,Engineering-Water Supply & Conduits Prog,WAEN,WA
WAEN000021,Engineering - Maintenance Engineering,WAEN,WA
WAEN000022,Engineering-Transmission/Mains Program,WAEN,WA
WAEN000023,Engineering-Storage & Pump Station Prgm,WAEN,WA
WAEN000024,Engineering-Facility & Security,WAEN,WA
WAEN000025,Engineering-Project Management,WAEN,WA
WAEN000026,Engineering-Construction Management,WAEN,WA
WAEN000027,Engineering-Project Inspection,WAEN,WA
WAEN000028,Engineering-Program Management,WAEN,WA
WAFS,Finance and Support Services,WAFS,WA
WAFS000001,Finance & Support Svc-Fin & Sup Svcs Grp,WAFS,WA
WAFS000002,Finance & Support Svc-Finance/Budget,WAFS,WA
WAFS000003,Finance & Support Svc-Accounting,WAFS,WA
WAFS000004,Finance & Support Svc-Office Support,WAFS,WA
WAFS000005,Water Sales,WAFS,WA
WAFS000006,Other Operating Revenue,WAFS,WA
WAFS000007,Non-Operating Revenue,WAFS,WA
WAFS000008,Debt Activity,WAFS,WA
WAHP,Hydroelectric Power,WAHP,WA
WAHP000001,Hydroelectric Power,WAHP,WA
WAHP000002,Hydropower Bonded Debt Activity,WAHP,WA
WAMC,Maintenance & Construction,WAMC,WA
WAMC000001,Maint & Const-Wtr Group Mgr,WAMC,WA
WAMC000002,Maint & Const-Administrative Support,WAMC,WA
WAMC000003,Maint & Const-Safety,WAMC,WA
WAMC000004,Maint & Const-CMM/Fleet/Stores,WAMC,WA
WAMC000005,Maint & Const-Field Services 1,WAMC,WA
WAMC000006,Maint & Const-Field Services 2,WAMC,WA
WAMC000007,Maint & Const-Field Services 3,WAMC,WA
WAMC000008,Maint & Const-Fleet Operations,WAMC,WA
WAMC000009,Maint & Const-Inventory,WAMC,WA
WAMC000010,Maint & Constr-Administrative Support,WAMC,WA
WAMC000011,Maint & Const - Field Support,WAMC,WA
WAMC000012,Maint & Const-Stores,WAMC,WA
WAMC000013,Maint & Const - Construction,WAMC,WA
WAMC000014,Maint & Const - Outer Southeast District,WAMC,WA
WAMC000015,Maint & Const-Apprentices,WAMC,WA
WAMC000016,Maint & Const - Southwest District,WAMC,WA
WAMC000017,Maint & Const - North District,WAMC,WA
WAMC000018,Maint & Const-Carpenter/Utility Locates,WAMC,WA
WAMC000019,Maint & Const - Outer Northeast District,WAMC,WA
WAMC000020,Maint & Const - Northwest District,WAMC,WA
WAMC000021,Maint & Const - Southeast District,WAMC,WA
WAMC000022,Maint & Const - Northeast District,WAMC,WA
WAOP,Operations,WAOP,WA
WAOP000001,Operations-Water Group,WAOP,WA
WAOP000002,Operations-Water Quality Compliance,WAOP,WA
WAOP000003,Operations-Laboratory Services,WAOP,WA
WAOP000004,Operations-Service Water Quality,WAOP,WA
WAOP000005,Operations-Bull Run Treatment,WAOP,WA
WAOP000006,Operations-Water Operations,WAOP,WA
WAOP000010,Operations-Water Quality Inspection,WAOP,WA
WAOP000011,Operations-Small/Large Meters,WAOP,WA
WAOP000012,Operations-Water Treatment,WAOP,WA
WAOP000013,Operations-Conduits/Watershed,WAOP,WA
WAOP000014,Operations-Oper Engineers/Painters,WAOP,WA
WAOP000015,Operations-SCADA,WAOP,WA
WAOP000016,Operations-Operational Analysis,WAOP,WA
WAOP000017,Operations-Electricians/Instr Tech,WAOP,WA
WAOP000018,Operations-Instrumentation Tech,WAOP,WA
WAOP000019,Operations-Water Quality Information,WAOP,WA
WARP,Resource Protection & Planning,WARP,WA
WARP000001,Resource  Protection-Planning Director,WARP,WA
WARP000002,Intergovernmental Coordination,WARP,WA
WARP000003,Resource  Protection-WATER EFFICIENCY,WARP,WA
WARP000004,Resource Protection -Source Protection,WARP,WA
WARP000005,Resource  Protection-Env Compliance,WARP,WA
WARP000006,Resource  Protection-Wtr Resource Educ,WARP,WA
WARP000007,Sourcewater Protection,WARP,WA
XX,Archive,,XX
ZD,Prosper Portland,,ZD
ZDFS,Portland Development Commission Grant Management,ZDFS,ZD
ZDFS000001,Portland Development Commission,ZDFS,ZD